program_id,episode_no,episode_type,tag_en,tag_ja,start_time,end_time
2,49,regular,"[""OP""]",,0,21
2,49,regular,,"[""合宿""]",22,660
2,49,regular,,"[""スタートアップウィークエンド東京""]",661,1171
2,49,regular,,"[""合宿""]",1172,1421
2,49,regular,,"[""スポンサー""]",1422,1521
2,49,regular,"[""Superdry""]","[""最近のお便り"",""極度乾燥しなさい""]",1522,1733
2,49,regular,,"[""ラーメン"",""今日の一杯"",""惠本将裕""]",1734,1994
2,49,regular,"[""ED""]",,1995,2165
2,50,regular,"[""OP""]",,0,23
2,50,regular,"[""Podcast""]","[""ライブ配信"",""Facebookライブ動画""]",24,998
2,50,regular,,"[""最近のお便り"",""フルタイムのインターン""]",999,1073
2,50,regular,,"[""最近のお便り"",""ジングル""]",1074,1144
2,50,regular,,"[""最近のお便り"",""ラーメン"",""飯テロ""]",1145,1197
2,50,regular,,"[""最近のお便り"",""Facebookライブ動画""]",1198,1331
2,50,regular,,"[""ラーメン"",""今日の一杯"",""おおぜき""]",1332,1552
2,50,regular,"[""ED""]",,1553,1701
2,51,regular,"[""OP""]",,0,20
2,51,regular,"[""Periscope""]","[""配信環境""]",21,100
2,51,regular,"[""Go""]","[""イベント"",""登壇""]",101,784
2,51,regular,"[""Rebuild.fm""]",,785,813
2,51,regular,,"[""最近のお便り"",""飯テロ""]",814,944
2,51,regular,"[""note"",""SoundCloud""]","[""最近のお便り"",""配信環境""]",945,1241
2,51,regular,,"[""ラーメン"",""今日の一杯"",""航海屋""]",1242,1477
2,51,regular,"[""ED""]",,1478,1610
2,52,regular,"[""OP""]",,0,22
2,52,regular,"[""JSON"",""Elasticsearch""]",,23,559
2,52,regular,,"[""プレゼンテーション""]",560,1332
2,52,regular,,"[""漫画"",""アニメ"",""僕だけがいない街""]",1333,1625
2,52,regular,,"[""最近のお便り""]",1626,1721
2,52,regular,,"[""ラーメン"",""今日の一杯"",""鶴一家""]",1722,1941
2,52,regular,"[""ED""]","[""イベント""]",1942,2167
2,53,regular,"[""OP""]",,0,20
2,53,regular,"[""Podcast""]","[""花粉症""]",21,61
2,53,regular,"[""Slideck""]","[""プレゼンテーション"",""Webサービス""]",62,311
2,53,regular,"[""Mentomo"",""SNS""]","[""ラーメン"",""今日の一杯"",""Webサービス""]",312,1336
2,53,regular,,"[""最近のお便り"",""ジングル""]",1337,1448
2,53,regular,,"[""最近のお便り"",""僕だけがいない街""]",1449,1509
2,53,regular,,"[""最近のお便り"",""wada.fm""]",1510,1542
2,53,regular,,"[""最近のお便り"",""ラジオ""]",1543,1692
2,53,regular,"[""ED""]",,1693,1854
2,54,regular,"[""OP""]",,0,20
2,54,regular,"[""Podcast"",""wada.fm""]","[""更新できなかった理由""]",21,101
2,54,regular,"[""Podcast"",""wada.fm""]","[""更新できなかった理由"",""生活音""]",102,343
2,54,regular,"[""Podcast"",""wada.fm""]","[""更新できなかった理由"",""引越し""]",344,593
2,54,regular,"[""Podcast"",""wada.fm""]","[""更新できなかった理由"",""忙しい""]",594,1074
2,54,regular,"[""React.js""]",,1075,1194
2,54,regular,"[""LINE BOT""]","[""更新できなかった理由"",""ボケてBot""]",1195,1486
2,54,regular,,"[""更新できなかった理由"",""オーディオ編集""]",1487,1639
2,54,regular,,"[""更新できなかった理由"",""美容室""]",1640,1771
2,54,regular,"[""Mentomo""]","[""最近のお便り""]",1772,1972
2,54,regular,,"[""ラーメン"",""今日の一杯"",""かづ屋""]",1973,2129
2,54,regular,"[""ED"",""IVS CTO Night & Day""]",,2130,2329